"Date","Operator","Aircraft","Location","Fatalities","Registration"
1996-11-12,"","Boeing 747-100","Charkhi Dadri, Haryana",312,"HZ-AIH"
2014-07-17,"","Boeing 777-200","Hrabove, Donetsk Oblast",298,"9M-MRD"
1996-01-08,"African Air","Antonov AN-32","Kinshasa-Ndolo, Kinshasa City Province",298,"RA-26222"
2003-02-19,"Islamic Revolutionary Guard Corps","Ilyushin II-76","Kerman, Kermanshah",275,"15-2280"
2001-11-12,"","Airbus A300-600","Belle Harbor, New York",265,"N14053"
2018-04-11,"","Ilyushin II-76","Boufarik AFB, Blida",257,"7T-WIV"
2014-03-08,"","Boeing 777-200","Indian Ocean, World",239,"9M-MRO"
1997-09-26,"","Airbus A300-600","Medan-Polonia, North Sumatra",234,"PK-GAI"
1996-07-17,"","Boeing 747-100","East Moriches, New York",230,"N93119"
1998-09-02,"","McDonnell Douglas MD-11","Peggy's Cove, Nova Scotia",229,"HB-IWF"
2009-06-01,"","Airbus A330","Fernando de Noronha, Pernambuco",228,"F-GZCP"
1997-08-06,"","Boeing 747-300","Agana-Antonio Borja Won Pat, All Guam Island",228,"HL7468"
2002-05-25,"","Boeing 747-200","Magong, Penghu County (澎湖縣)",225,"B-18255"
2015-10-31,"","Airbus A321","Hasna, North Sinai",224,"EI-ETJ"
1999-10-31,"","Boeing 767-300","Atlantic Ocean, World",217,"SU-GAP"
1998-02-16,"","Airbus A300-600","Taipei-Taoyuan (ex Chiang Kai-shek), Taipei City (臺北市)",203,"B-1814"
2007-07-17,"","Airbus A320","São Paulo-Congonhas, São Paulo",199,"PR-MBK"
1996-02-06,"","Boeing 757-200","Puerto Plata, Puerto Plata",189,"TC-GEN"
2018-10-29,"","Boeing 737 MAX 8","Jakarta, City District of Jakarta",189,"PK-LQP"
2024-12-29,"","Boeing 737-800","Muan, South Jeolla (전라남도)",179,"HL8088"
2020-01-08,"","Boeing 737-800","Sabashahr, Tehran City District",176,"UR-PSR"
2006-08-22,"","Tupolev TU-154","Novgorodskoye, Donetsk Oblast",170,"RA-85185"
2000-01-30,"","Airbus A310","Abidjan, Lagunes",169,"5Y-BEN"
2009-07-15,"","Tupolev TU-154","Qazvin, Qazvin",168,"EP-CPG"
2014-12-28,"","Airbus A320","Java Sea, All Indonesia",162,"PK-AXC"
2005-08-16,"","McDonnell Douglas MD-82","Machiques, Zulia",160,"HK-4374X"
2012-06-03,"","McDonnell Douglas MD-83","Lagos-Murtala Muhammed, Lagos",159,"5N-RAM"
1995-12-20,"","Boeing 757-200","Buga, Valle del Cauca",159,"N651AA"
2010-05-22,"","Boeing 737-800","Mangalore-Bajpe, Karnataka",158,"VT-AXV"
2019-03-10,"","Boeing 737 MAX 8","Debre Zeit (Bishoftu), Oromia",157,"ET-AVJ"
2008-08-20,"","McDonnell Douglas MD-82","Madrid-Barajas-Adolfo Suárez, Madrid",154,"EC-HFP"
2006-09-29,"","Boeing 737-800","Peixoto de Azevedo, Mato Grosso",154,"PR-GTD"
2009-06-30,"","Airbus A310","Moroni-Prince Saïd Ibrahim (ex Hahaya), All Comoros Islands",152,"7O-ADJ"
2010-07-28,"","Airbus A321","Islamabad, Islamabad Capital Territory (وفاقی دارالحکومت)",152,"AP-BJB"
2015-03-24,"","Airbus A320","Prads-Haute-Bléone, Alpes-de-Haute-Provence",150,"D-AIPX"
2005-09-05,"","Boeing 737-200","Medan-Polonia, North Sumatra",149,"PK-RIM"
2004-01-03,"","Boeing 737-300","Sharm el-Sheikh, South Sinai",148,"SU-ZCF"
2001-07-04,"","Tupolev TU-154","Burdakovka, Irkutsk oblast",145,"RA-85845"
1996-11-07,"","Boeing 727-200","Ejirin, Lagos",144,"5N-BBG"
2000-08-23,"","Airbus A320","Bahrain, All Bahrain",143,"A4O-EK"
2003-12-25,"","Boeing 727-200","Cotonou-Cardinal Bernardin Gantin (ex Cadjehoun), Littoral",141,"3X-GDO"
1996-08-29,"","Tupolev TU-154","Longyearbyen, Svalbard",141,"RA-85621"
1995-12-18,"Trans Service Airlift - TSA","Lockheed L-188 Electra","Jamba, Cuando Cubango",141,"9Q-CRR"
2015-06-30,"","Lockheed C-130 Hercules","Medan-Soewondo AFB, North Sumatra",139,"A-1310"
2022-03-21,"","Boeing 737-800","Wuzhou, Guangxi",132,"B-1791"
2000-04-19,"","Boeing 737-200","Davao City, Davao del Sur",131,"RP-C3010"
2002-04-15,"","Boeing 767-200","Busan-Gimhae, Busan (부산)",129,"B-2552"
2012-04-20,"","Boeing 737-200","Islamabad, Islamabad Capital Territory (وفاقی دارالحکومت)",127,"AP-BKC"
1996-11-23,"","Boeing 767-200","Moroni-Prince Saïd Ibrahim (ex Hahaya), All Comoros Islands",125,"ET-AIZ"
2006-07-09,"","Airbus A310","Irkutsk-Intl, Irkutsk oblast",125,"F-OGYP"
1996-02-29,"","Boeing 737-200","Arequipa-Alfredo Rodríguez Ballón, Arequipa",123,"OB-1451"
2017-06-07,"","Shaanxi Y-8","Andaman Sea, World",122,"5820"
2005-08-14,"","Boeing 737-300","Grammatiko, Attica / Αττική",121,"5B-DBY"
2002-02-12,"","Tupolev TU-154","Khorramabad, Lorestan",119,"EP-MBS"
2005-10-22,"","Boeing 737-200","Lisa, Ogun",117,"5N-BFN"
2014-07-24,"","McDonnell Douglas MD-83","Gossi, Tombouctou",116,"EC-LTV"
2003-07-08,"","Boeing 737-200","Port Sudan, Red Sea (البحر الأحمر)",116,"ST-AFK"
2007-05-05,"","Boeing 737-800","Douala, Littoral",114,"5Y-KYA"
2000-07-25,"","Aérospatiale-BAC Concorde","Gonesse, Val-d'Oise",113,"F-BTSC"
2006-05-03,"","Airbus A320","Sochi-Adler, Krasnodar Krai",113,"EK-32009"
2002-05-07,"","McDonnell Douglas MD-82","Dalian, Liaoning",112,"B-2138"
2018-05-18,"","Boeing 737-200","Havana-José Martí (Rancho Boyeros), La Habana",112,"XA-UHZ"
2001-10-08,"","McDonnell Douglas MD-87","Milan-Linate, Lombardy",110,"SE-DMA"
1996-05-11,"","Douglas DC-9","Everglades National Park, Florida",110,"N904VJ"
2005-12-10,"","Douglas DC-9","Port Harcourt, Rivers",108,"5N-BFD"
2005-12-06,"","Lockheed C-130 Hercules","Tehran-Mehrabad, Tehran City District",106,"5-8519"
2005-02-03,"","Boeing 737-200","Kabul, Kabul",105,"EX-037"
1997-12-19,"","Boeing 737-300","Palembang, South Sumatra",104,"9V-TRF"
1998-02-02,"","Douglas DC-9","Mt Sumagaya, Misamis Oriental",104,"RP-C1507"
2010-05-12,"","Airbus A330","Tripoli, Tripoli (طرابلس)",103,"5A-ONG"
2003-03-06,"","Boeing 737-200","Tamanrasset, Tamanrasset",102,"7T-VEZ"
2007-01-01,"","Boeing 737-400","Makassar (Ujung Pandang), South Sulawesi",102,"PK-KKW"
1998-12-11,"","Airbus A310","Surat Thani, Surat Thani (สุราษฎร์ธานี)",101,"HS-TIA"
2009-05-20,"","Lockheed C-130 Hercules","Madiun, West Java",100,"A-1325"
1996-10-31,"","Fokker 100","São Paulo-Congonhas, São Paulo",99,"PT-MRK"
1995-12-07,"","Tupolev TU-154","Grossevichi, Khabarovsk Krai",98,"RA-85164"
2020-05-22,"","Airbus A320","Karachi-Muhammad Ali Jinnah-Quaid-e-Azam, Sindh (سنڌ سندھ)",98,"AP-BLD"
2010-04-10,"","Tupolev TU-154","Smolensk, Smolensk oblast",96,"101"
2006-10-29,"","Boeing 737-200","Abuja-Nnamdi Azikiwe, Abuja Federal Capital Territory",96,"5N-BFK"
2002-01-28,"","Boeing 727-100","Mt El Cumbal, Nariño",94,"HC-BLF"
2001-09-11,"","Boeing 767-200","New York, New York",92,"N334AA"
2016-12-25,"","Tupolev TU-154","Sochi-Adler, Krasnodar Krai",92,"RA-85572"
1996-02-26,"","Lockheed C-130 Hercules","Khartoum, Khartoum (الخرطوم)",91,"-"
2007-09-16,"","McDonnell Douglas MD-82","Phuket, Phuket (ภูเก็ต)",90,"HS-OMG"
2010-01-25,"","Boeing 737-800","Beirut, Beirut Governorate",90,"ET-ANB"
1997-03-13,"","Lockheed C-130 Hercules","Mashhad, Razavi Khorasan",88,"-"
2008-09-14,"","Boeing 737-500","Perm, Perm Krai",88,"VP-BKO"
2000-01-31,"","McDonnell Douglas MD-83","Anacapa Island, California",88,"N963AS"
2002-05-04,"","BAc 111","Kano, Kano",85,"5N-ESF"
1997-12-15,"","Tupolev TU-154","Sharjah, Sharjah (الشارقةّ)",85,"EY-85281"
2000-10-25,"","Ilyushin II-18","Batumi, Adjara",84,"RA-74295"
2000-10-31,"","Boeing 747-400","Taipei-Taoyuan (ex Chiang Kai-shek), Taipei City (臺北市)",83,"9V-SPK"
2011-07-26,"","Lockheed C-130 Hercules","Guelmim, Guelmim-Es Semara",80,"CNA-OQ"
1998-08-29,"","Tupolev TU-154","Quito-Mariscal Sucre (City), Pichincha",80,"CU-T1264"
2001-10-04,"","Tupolev TU-154","Black Sea, World",78,"RA-85693"
2011-01-09,"","Boeing 727-200","Orūmīyeh, West Azerbaijan",78,"EP-IRP"
2011-07-08,"","Boeing 727-100","Kisangani, Orientale",77,"9Q-COP"
2014-02-11,"","Lockheed C-130 Hercules","Aïn Kercha, Oum el-Bouaghi",76,"7T-WHM"
1998-05-05,"","Boeing 737-200","Andoas, Loreto",75,"FAP-351"
2003-01-08,"","Avro RJ100","Diyarbakir, Southeastern Anatolia Region (Güneydoğu Anadolu Bölgesi)",75,"TC-THG"
2003-05-26,"","Yakovlev Yak-42","Trabzon, Black Sea Region (Karadeniz Bölgesi)",75,"UR-42352"
1995-09-12,"","Antonov AN-32","Colombo, Western Province (மேல் மாகாணம்)",75,"CR-861"
1997-10-10,"","Douglas DC-9","Nuevo Berlin, Río Negro",74,"LV-WEG"
2024-01-24,"","Ilyushin II-76","Yablonovo, Belgorod oblast",74,"RF-86868"
2023-01-15,"","ATR72-500","Pokhara, Gandaki",72,"9N-ANC"
2016-11-28,"","Avro RJ85","La Ceja, Antioquia",71,"CP-2933"
1995-12-03,"","Boeing 737-200","Douala, Littoral",71,"TJ-CBE"
2018-02-11,"","Antonov AN-148","Stepanovskoye, Moscow oblast",71,"RA-61704"
1997-12-17,"","Yakovlev Yak-42","Katerini, Central Macedonia / Κεντρική Μακεδονία",70,"UR-42334"
1996-10-02,"","Boeing 757-200","Lima, Lima",70,"N52AW"
2002-07-01,"","Tupolev TU-154","Überlingen, Baden-Württemberg",69,"RA-85816"
2010-11-04,"","ATR72-200","Guasimal, Sancti Spíritus",68,"CU-T1549"
1997-12-06,"","Antonov AN-124","Irkutsk-2 (Northwest/Vostochny), Irkutsk oblast",68,"08 black"
2018-02-18,"","ATR72-200","Mt Dena, Isfahan",66,"EP-ATS"
2016-05-19,"","Airbus A320","Mediterranean Sea, World",66,"SU-GCC"
2001-09-11,"","Boeing 767-200","New York, New York",65,"N612UA"
1997-09-03,"","Tupolev TU-134","Phnom Penh-Pochentong, Phnom Penh",65,"VN-A120"
1999-08-31,"","Boeing 737-200","Buenos Aires-Aeroparque-Jorge Newbery, Buenos Aires City",65,"LV-WRZ"
1995-08-09,"","Boeing 737-200","Mt San Vicente (Chichontepec), San Vicente",65,"N125GU"
2008-08-24,"","Boeing 737-200","Bishkek-Manas, Bishkek City",65,"EX-009"
2001-09-11,"","Boeing 757-200","Washington DC, District of Columbia",64,"N644AA"
1995-11-22,"","Antonov AN-32","Jaffna (Palaly), Northern Province (வட மாகாணம்)",63,"CR-862"
1995-11-22,"","Antonov AN-32","Jaffna (Palaly), Northern Province (வட மாகாணம்)",63,"CR-862"
2021-01-09,"","Boeing 737-500","Jakarta, City District of Jakarta",62,"PK-CLC"
2024-08-09,"","ATR72-500","Capela, São Paulo",62,"PS-VPB"
2016-03-19,"","Boeing 737-800","Rostov-on-Don, Rostov oblast",62,"A6-FDN"
1999-02-24,"","Tupolev TU-154","Wenzhou, Zhejiang",61,"B-2622"
2000-07-17,"","Boeing 737-200","Patna, Bihar",60,"VT-EGD"
1995-03-31,"","Airbus A310","Bucharest-Otopeni-Henri Coandă, București",60,"YR-LCC"
2005-07-16,"Equatair","Antonov AN-24","Malabo, Bioko Norte Province (Malabo)",60,"3C-VQR"
2007-11-30,"","McDonnell Douglas MD-83","Isparta, Mediterranean Region (Akdeniz Bölgesi)",57,"TC-AKM"
2000-11-15,"Asa Pesada","Antonov AN-26","Luanda-4 de Fevereiro, Luanda",57,"D2-FCG"
1998-09-29,"","Antonov AN-24","Iranativu Island, Northern Province (வட மாகாணம்)",55,"EW-46465"
2004-11-21,"","Canadair RegionalJet CRJ-200","Baotou, Inner Mongolia",55,"B-3072"
2015-08-16,"","ATR42-300","Oksibil, Special Region of Papua",54,"PK-YRN"
1995-11-09,"","Fokker F27 Friendship","Mt San Agustin, Córdoba",53,"TC-72"
1998-04-20,"","Boeing 727-200","Bogotá-El Dorado, Bogotá Capital District",53,"HC-BSU"
1996-05-03,"Federal Air","Antonov AN-24","Khartoum, Khartoum (الخرطوم)",53,"ST-FAG"
2021-07-04,"","Lockheed C-130 Hercules","Jolo Island, Sulu",52,"5125"
1995-04-29,"","Avro 748","Jaffna (Palaly), Northern Province (வட மாகாணம்)",52,"4R-HVA"
1995-12-05,"","Tupolev TU-134","Nakhchivan, Nakhchivan",52,"4K-65703"
1998-01-13,"Afghan Taliban Forces","Antonov AN-32","Khojak Pass, Baluchestan (بلوچستان)",51,"-"
2018-03-12,"","De Havilland DHC-8-400 (Dash-8)","Kathmandu-Tribhuvan, Bagmati",51,"S2-AGU"
1995-01-11,"","Douglas DC-9","María La Baja, Bolívar",51,"HK-3839X"
1997-03-18,"SAAK Stavropolskaya Aktsionernaya Aviakompania","Antonov AN-24","Cherkessk, Republic of Karachay-Cherkessia",50,"RA-46516"
2013-11-17,"","Boeing 737-500","Kazan, Republic of Tatarstan",50,"VQ-BBN"
2009-02-12,"","De Havilland DHC-8-400 (Dash-8)","Buffalo, New York",50,"N200WQ"
1999-06-03,"","Antonov AN-32","Khartoum, Khartoum (الخرطوم)",50,"-"
2013-10-16,"","ATR72-600","Pakse, Champasak Province",49,"RDPL-34233"
2007-10-04,"El Sam Airlift","Antonov AN-26","Kinshasa-N'Djili, Kinshasa City Province",49,"9Q-COS"
2000-06-22,"","Xian Yunsunji Y-7-100","Wuhan, Hubei",49,"B-3479"
2000-10-31,"ACA-Ancargo Air","Antonov AN-26","Mona Quimbundo, Lunda Sul",49,"D2-FDI"
1995-12-13,"Banat Air","Antonov AN-24","Verona-Villafranca (Valerio Catullo), Veneto",49,"YR-AMR"
2014-06-14,"","Ilyushin II-76","Luhansk, Luhansk Oblast",49,"76777"
2006-08-27,"","Canadair RegionalJet CRJ-200","Lexington-Blue Grass, Kentucky",49,"N431CA"
2014-07-23,"","ATR72-500","Magong, Penghu County (澎湖縣)",48,"B-22810"
1995-06-17,"","Casa 212 Aviocar","Catumbela, Benguela",48,"T-401"
2011-06-20,"","Tupolev TU-134","Petrozavodsk, Republic of Karelia",47,"RA-65691"
2016-12-07,"","ATR42-500","Havelian, Khyber Pakhtunkhwa (خیبرپختونخوا)",47,"AP-BHO"
2008-02-21,"","ATR42-300","Mérida, Mérida",46,"YV1449"
2003-01-09,"","Fokker F28 Fellowship","Chachapoyas, Amazonas",46,"OB-1396"
2004-08-24,"","Tupolev TU-154","Gluboki, Rostov oblast",46,"RA-85556"
1998-03-19,"","Boeing 727-200","Kabul, Kabul",45,"YA-FAZ"
2006-07-10,"","Fokker F27 Friendship","Multan, Punjab (پنجاب)",45,"AP-BAL"
2012-05-09,"","Sukhoi Superjet 100-95","Mt Salak, West Java",45,"97004"
1995-04-28,"","Avro 748","Jaffna (Palaly), Northern Province (வட மாகாணம்)",45,"4R-HVB"
2001-09-11,"","Boeing 757-200","Shanksville, Pennsylvania",45,"N591UA"
2011-09-07,"","Yakovlev Yak-42","Yaroslavl, Yaroslavl oblast",44,"RA-42434"
1997-07-11,"","Antonov AN-24","Santiago de Cuba, Santiago de Cuba",44,"CU-T1262"
2010-08-24,"","Embraer ERJ-190","Yichun, Heilongjiang",44,"B-3130"
2010-05-17,"","Antonov AN-24","Salang Pass, Parwan",44,"YA-PIS"
2002-12-23,"","Antonov AN-140","Isfahan, Isfahan",44,"UR-14003"
2004-08-24,"","Tupolev TU-134","Buchalki, Tula oblast",44,"RA-65080"
2004-02-10,"","Fokker 50","Sharjah, Sharjah (الشارقةّ)",43,"EP-LCA"
2015-02-04,"","ATR72-600","Taipei-Songshan, Taipei City (臺北市)",43,"B-22816"
1995-09-21,"","Antonov AN-24","Mörön, Khövsgöl",42,"BNMAU-10103"
2006-01-19,"","Antonov AN-24","Telkibánya, Borsod-Abaúj-Zemplén",42,"5605"
2015-11-04,"","Antonov AN-12","Juba, Central Equatoria (الاستوائية الوسطى)",41,"EY-406"
1998-10-10,"Congo Airlines","Boeing 727-100","Kindu, Maniema",41,"9Q-CSG"
2019-05-05,"","Sukhoi Superjet 100-95","Moscow-Sheremetyevo, Moscow oblast",41,"RA-89098"
2000-03-30,"","Antonov AN-26","Anuradhapura, North Central Province (வட மத்திய மாகாணம்)",40,"UR-79170"
2014-08-10,"","HESA IrAn-140-100","Tehran-Mehrabad, Tehran City District",40,"EP-GPA"
2005-08-23,"","Boeing 737-200","Pucallpa, Ucayali",40,"OB-1809-P"
2008-04-15,"","Douglas DC-9","Goma, Nord-Kivu",40,"9Q-CHN"
2006-06-03,"","Shaanxi Y-8","Yao, Anhui",40,"-"
2017-01-16,"","Boeing 747-400","Bishkek-Manas, Bishkek City",39,"TC-MCL"
1998-05-12,"","Xian Yunsunji Y-7-100","Néma, Hodh Ech Chargui",39,"5T-MAG"
2018-03-06,"","Antonov AN-26","Hmeimim AFB (Latakia), Latakia Governorate (مُحافظة اللاذقية‎)",39,"RF-92955"
1998-09-25,"","BAe 146","Cap de Trois Fourches, Oriental",38,"EC-GEO"
2006-11-27,"Islamic Revolutionary Guard Corps","Antonov AN-74","Tehran-Mehrabad, Tehran City District",38,"15-2255"
2019-12-09,"","Lockheed C-130 Hercules","Drake Passage, World",38,"990"
2024-12-25,"","Embraer ERJ-190","Aktau, Mangystau",38,"4K-AZ65"
1996-11-12,"","Ilyushin II-76","Charkhi Dadri, Haryana",37,"UN-76435"
1997-02-02,"","Casa 212 Aviocar","Quibaxe, Cuanza Norte",37,"T-400"
2004-01-13,"","Yakovlev Yak-40","Tashkent-Yuzhny, Tashkent Province (Toshkent viloyati)",37,"UK-87985"
1996-11-12,"","Ilyushin II-76","Charkhi Dadri, Haryana",37,"UN-76435"
1997-02-02,"","Casa 212 Aviocar","Quibaxe, Cuanza Norte",37,"T-400"
1997-04-23,"","Antonov AN-26","Kunduz, Kunduz",36,"-"
1998-08-24,"","Fokker F27 Friendship","Tachilek, Shan State",36,"XY-AEN"
1995-07-18,"Malagasy Air Force - Armée de l'Air Malgache","Douglas C-47 Skytrain (DC-3)","Antananarivo-Ivato, Antananarivo Province",36,"5R-MMG"
1999-12-10,"","BAe ATP","São Jorge Island, Azores Islands",35,"CS-TGM"
1996-04-03,"","Boeing 737-200","Dubrovnik, Neretva",35,"73-1149"
1997-05-08,"","Boeing 737-300","Shenzhen-Bao'an (ex Huangtian), Guangdong, Guangdong",35,"B-2925"
2001-05-16,"","Casa-Nurtanio CN-235 (IPTN)","Akçadağ, Eastern Anatolia Region (Doğu Anadolu Bölgesi)",34,"086"
1996-10-22,"","Boeing 707","Manta-Eloy Alfaro, Manabí",34,"N751MA"
1995-09-15,"","Fokker 50","Tawau, Sabah",34,"9M-MGH"
1996-07-15,"","Lockheed C-130 Hercules","Eindhoven, North Brabant",34,"CH-06"
2007-01-09,"","Antonov AN-26","Balad, Salāh ad-Dīn (صلاح الدين)",34,"ER-26068"
2007-01-09,"","Antonov AN-26","Balad, Salāh ad-Dīn (صلاح الدين)",34,"ER-26068"
2013-11-29,"","Embraer ERJ-190","Divundu, Kavango Region",33,"C9-EMC"
2003-11-29,"","Antonov AN-26","Boende, Tshuapa",33,"9T-TAD"
2012-04-02,"","ATR72-200","Tyumen-Roshchino, Tyumen oblast",33,"VP-BYZ"
2004-05-14,"","Embraer EMB-120 Brasília","Manaus, Amazonas",33,"PT-WRO"
2012-11-30,"","Ilyushin II-76","Brazzaville, Brazzaville City District",32,"EK-76300"
2011-04-04,"","Canadair RegionalJet CRJ-100","Kinshasa-N'Djili, Kinshasa City Province",32,"4L-GAE"
2012-08-19,"","Antonov AN-26","Talodi, South Kordofan (جنوب كردفان)",32,"ST-ARL"
1996-09-25,"","Douglas C-47 Skytrain (DC-3)","Den Oever, North Holland",32,"PH-DDA"
2015-01-18,"","Antonov AN-26","Abu Adh Dhuhur, Idlib Governorate (مُحافظة ادلب‎)",30,"YK-AND"
2004-08-21,"","Short 360","El Libertador AFB (Maracay), Aragua",30,"FAV-1652"
2001-05-17,"","Yakovlev Yak-40","Sari, Mazandaran",30,"EP-TQP"
2008-06-10,"","Airbus A310","Khartoum, Khartoum (الخرطوم)",30,"ST-ATN"
1997-01-09,"","Embraer EMB-120 Brasília","Monroe, Michigan",29,"N265CA"
2016-07-22,"","Antonov AN-32","Gulf of Bengal, World",29,"K2743"
2006-09-01,"","Tupolev TU-154","Mashhad, Razavi Khorasan",28,"EP-MCF"
1997-07-17,"","Fokker F27 Friendship","Bandung-Sulaiman AFB, West Java",28,"PK-YPM"
2005-03-16,"Regional Airlines - Regionalnye Avialinii","Antonov AN-24","Varandey, Nenets Autonomous Okrug",28,"RA-46489"
1998-03-29,"","Antonov AN-32","Piura, Piura",28,"OB-1389"
1999-01-21,"","Antonov AN-26","Bluefields, Región Autónoma del Atlántico Sur",28,"152"
1998-05-25,"","Harbin Yunsunji Y-12","Erdenet, Orkhon",28,"JU-1017"
2021-07-06,"","Antonov AN-26","Palana, Kamchatka Krai",28,"RA-26085"
2011-10-13,"","De Havilland DHC-8-100 (Dash-8)","Madang, Madang",28,"P2-MCJ"
2002-07-04,"Prestige Airlines","Boeing 707","Bangui, Ombella-M'Poko",28,"9XR-IS"
2000-08-12,"STAER Airlines","Antonov AN-26","Tshikapa, Kasai-Occidental",27,"9Q-CJI"
2012-12-25,"Kazakhstan Border Guards","Antonov AN-72","Shymkent, South Kazakhstan",27,"UP-72859"
1998-02-12,"","Antonov AN-32","Nasir, Upper Nile (أعالي النيل)",27,"7744"
1999-02-02,"","Antonov AN-12","Luanda-4 de Fevereiro, Luanda",27,"EY-ASS"
2005-05-25,"Victoria Air - DRC","Antonov AN-12","Biega, Sud-Kivu",27,"9Q-CVG"
2001-11-19,"IRS Aero","Ilyushin II-18","Kalyazin, Tver oblast",27,"RA-75840"
2019-11-24,"","Dornier DO228","Goma, Nord-Kivu",27,"9S-GNH"
2020-09-25,"","Antonov AN-26","Chuhuiv AFB, Kharkiv oblast",26,"76 yellow"
2002-01-17,"","Fairchild-Hiller FH-227","Mt El Tigre, Nariño",26,"HC-AYM"
1998-05-25,"","Yakovlev Yak-40","Long Tieng, Vientiane Province",26,"RDPL-34001"
2000-07-27,"","De Havilland DHC-6 Twin Otter","Dhangadhi, Seti",25,"9N-ABP"
2011-05-07,"","Xian MA60","Kaimana, Special Region of West Papua",25,"PK-MZK"
2004-11-30,"","McDonnell Douglas MD-82","Surakarta-Adisumarmo, Central Java",25,"PK-LMN"
2000-07-27,"","De Havilland DHC-6 Twin Otter","Dhangadhi, Seti",25,"9N-ABP"
2001-11-24,"","Avro RJ100","Zurich-Kloten, Zurich",24,"HB-IXM"
2001-01-25,"","Douglas DC-3","Ciudad Bolívar, Bolívar",24,"YV-224C"
2009-04-06,"","Fokker F27 Friendship","Bandung-Husein Sastranegara, West Java",24,"A-2703"
1997-09-13,"","Tupolev TU-154","Atlantic Ocean, World",24,"11+02"
1995-09-22,"","Boeing E-3 Sentry","Elmendorf-Richardson AFB (JBER), Alaska",24,"77-0354"
1998-09-02,"PermTransAvia","Antonov AN-26","Malanje, Malanje",24,"RA-26028"
2000-04-19,"","Antonov AN-8","Pepa, Katanga",24,"TL-ACM"
1999-11-12,"","ATR42-300","Kosovska Mitrovica, All Kosovo",24,"F-OHFV"
2009-02-07,"","Embraer EMB-110 Bandeirante","Manacapuru, Amazonas",24,"PT-SEA"
2016-02-24,"","De Havilland DHC-6 Twin Otter","Dana, Dhawalagiri",23,"9N-AHH"
2016-02-24,"","De Havilland DHC-6 Twin Otter","Dana, Dhawalagiri",23,"9N-AHH"
1997-06-06,"Bazair","Vickers Viscount","Irumu, Orientale",23,"9Q-CWL"
2011-03-21,"","Antonov AN-12","Pointe-Noire, Pointe-Noire City District",23,"TN-AGK"
2002-08-30,"","Embraer EMB-120 Brasília","Rio Branco-Presidente Médici, Acre",23,"PT-WRQ"
1996-11-27,"","Ilyushin II-76","Abakan, Republic of Khakassia",23,"CCCP-78804"
2005-12-23,"","Antonov AN-140","Nardaran, Absheron",23,"4K-AZ48"
1995-09-09,"","Casa 212 Aviocar","La Macarena, Meta",22,"FAC-1152"
2001-02-01,"","Antonov AN-26","Luena, Moxico",22,"T-224"
1999-12-25,"","Yakovlev Yak-42","Valencia, Carabobo",22,"CU-T1285"
2000-01-13,"","Short 360","Marsa el Brega, Al Wahat (الواحات)",22,"HB-AAM"
2011-05-18,"","Saab 340","Prahuaniyeu, Río Negro",22,"LV-CEJ"
1997-09-12,"","De Havilland DHC-6 Twin Otter","Mt Minembwe, Sud-Kivu",22,"9Q-CRY"
1996-12-24,"","Hindustan Aeronautics HAL-748","Dubagunta, Andhra Pradesh",22,"H1032"
2022-05-29,"","De Havilland DHC-6 Twin Otter","Sanosware, Dhawalagiri",22,"9N-AET"
1996-02-04,"","Douglas DC-8","Asunción-Silvio Pettirossi, Central",22,"HK-3979X"
2016-03-15,"","IAI Arava 201","Fátima, Pastaza",22,"E-206"
2003-01-08,"","Beechcraft 1900D","Charlotte-Douglas, North Carolina",21,"N233YV"
1999-03-07,"","Antonov AN-32","New Delhi-Indira Gandhi, National Capital Territory of Delhi",21,"K2673"
2007-03-07,"","Boeing 737-400","Yogyakarta, Special Region of Yogyakarta",21,"PK-GZC"
2008-05-02,"","Beechcraft 1900C","Rumbek, Lakes (البحيرات)",21,"5Y-FLX"
2020-08-07,"","Boeing 737-800","Kozhikode-Calicut, Kerala",21,"VT-AXH"
2001-03-03,"","Short 330","Unadilla, Georgia",21,"93-1336"
2013-01-29,"","Canadair RegionalJet CRJ-200","Almaty, Almaty Province",21,"UP-CJ006"
1999-10-29,"","Lockheed P-3 Orion","Pasni, Baluchestan (بلوچستان)",21,"83"
2003-08-24,"","Let L-410","Cap-Haïtien, North",21,"HH-PRV"
2010-11-05,"","Beechcraft 1900C","Karachi-Muhammad Ali Jinnah-Quaid-e-Azam, Sindh (سنڌ سندھ)",21,"AP-BJD"
2011-09-02,"","Casa 212 Aviocar","Robinson Crusoe Island, Región de Valparaíso",21,"966"
2010-08-25,"","Let L-410","Bandundu, Bandundu",20,"9Q-CCN"
1996-07-09,"","De Havilland DHC-6 Twin Otter","Mendi, Southern Highlands",20,"P2-MBB"
1995-12-07,"Air Saint-Martin","Beechcraft 1900D","Mt La Selle, West",20,"F-OHRK"
1996-04-05,"","Ilyushin II-76","Petropavlovsk-Kamchatsky, Kamchatka Krai",20,"RA-76752"
2001-03-24,"","De Havilland DHC-6 Twin Otter","Saint-Barthélemy-Rémy de Haenen (Saint-Jean-Gustave III), Saint-Barthélemy",20,"F-OGES"
2018-08-04,"","Junkers JU.52","Piz Segnas, Glarus",20,"HB-HOT"
2008-01-23,"","Casa C-295M","Mirosławiec, West Pomeranian Voivodeship (Zachodniopomorskie)",20,"019"
2005-12-19,"","Grumman G-73 Mallard","Miami, Florida",20,"N2969"
2006-02-11,"","Antonov AN-26","Aweil, Northern Bahr el Ghazal (شمال بحر الغزال)",20,"7799"
2018-09-09,"","Let L-410","Yirol, Lakes (البحيرات)",20,"UR-TWO"
2018-09-09,"","Let L-410","Yirol, Lakes (البحيرات)",20,"UR-TWO"
2006-03-31,"","Let L-410","Rio Bonito, Rio de Janeiro",19,"PT-FSE"
2004-06-08,"","Avro 748","Libreville, Estuaire (Libreville)",19,"TR-LFW"
2011-09-25,"","Beechcraft 1900D","Kathmandu-Tribhuvan, Bagmati",19,"9N-AEK"
2000-05-21,"","BAe Jetstream 31","Wilkes-Barre, Pennsylvania",19,"N16EJ"
2019-07-30,"","Beechcraft 350 Super King Air","Islamabad, Islamabad Capital Territory (وفاقی دارالحکومت)",19,"766"
2002-11-11,"Laoag International Airline","Fokker F27 Friendship","Manila-Ninoy Aquino, Metro Manila",19,"RP-C6888"
2008-04-03,"","PZL-Mielec AN-28","Benzdorp, Sipaliwini",19,"PZ-TSO"
2001-09-12,"","Let L-410","Chichén Itzá, Yucatán",19,"XA-ACM"
2012-09-28,"","Dornier DO228","Kathmandu-Tribhuvan, Bagmati",19,"9N-AHA"
2000-07-08,"","BAe Jetstream 31","Chulum Juárez, Chiapas",19,"N912FJ"
2022-11-06,"","ATR42-500","Bukoba, Kagera Region",19,"5H-PWF"
1996-12-07,"","Casa 212 Aviocar","Banjarmasin-Syamsudin Noor, South Kalimantan",18,"PK-VSO"
2024-07-24,"","Canadair RegionalJet CRJ-200","Kathmandu-Tribhuvan, Bagmati",18,"9N-AME"
2011-09-29,"","Casa 212 Aviocar","Bohorok, North Sumatra",18,"PK-TLF"
1998-08-21,"Lumbini Airways","De Havilland DHC-6 Twin Otter","Ghorepani, Gandaki",18,"9N-ACC"
2018-08-30,"","De Havilland DHC-6 Twin Otter","Mojo, Oromia",18,"ET-AIU"
2002-08-22,"","De Havilland DHC-6 Twin Otter","Pokhara, Gandaki",18,"9N-AFR"
2001-12-02,"Federal Border Guard Aviation Command","Ilyushin II-76","Novaya Inya, Khabarovsk Krai",18,"RA-76839"
2008-10-08,"","De Havilland DHC-6 Twin Otter","Lukla-Tenzing-Hillary, Sagarmatha",18,"9N-AFE"
1999-12-21,"","Douglas DC-10","Guatemala City-La Aurora, Guatemala",18,"F-GTDI"
2014-02-16,"","De Havilland DHC-6 Twin Otter","Dihidanda, Lumbini",18,"9N-ABB"
2008-06-26,"","Casa 212 Aviocar","Mt Salak, West Java",18,"A-2106"
1999-08-07,"Guarda Costeira de Cabo Verde - Airwing","Dornier DO228","Santo Antão Island, All Cabo Verde",18,"D4-CBC"
2020-01-02,"","Antonov AN-12","Geneina, West Darfur (غرب دارفور)",18,"-"
1999-11-09,"","Douglas DC-9","Uruapan-General Ignacio López Rayón, Michoacán",18,"XA-TKN"
2001-03-29,"Avjet","Gulfstream GIII","Aspen-Pitkin County-Sardy Field, Colorado",18,"N303GA"
1999-06-17,"","Embraer EMB-110 Bandeirante","Goroka, Eastern Highlands",17,"P2-ALX"
1996-12-17,"","Antonov AN-12","Andreapol, Tver oblast",17,"21 red"
1999-12-07,"","Let L-410","Kasibu, Nueva Vizcaya",17,"RP-C3883"
2002-02-21,"","Antonov AN-26","Lakhta AFB, Arkhangelsk oblast",17,"07 red"
2006-08-03,"","PZL-Mielec AN-28","Bukavu, Sud-Kivu",17,"9Q-COM"
1999-07-24,"","Embraer EMB-110 Bandeirante","Nasirotu, All Fiji Islands",17,"DQ-AFN"
2011-09-14,"","Embraer EMB-120 Brasília","Huambo-Albano Machado, Huambo",17,"T-500"
2003-02-20,"","Fokker F27 Friendship","Kohat, Khyber Pakhtunkhwa (خیبرپختونخوا)",17,"10254"
2007-10-08,"","Let L-410","Cubarral, Meta",17,"HK-4055"
2005-04-12,"","De Havilland DHC-6 Twin Otter","Timika, Special Region of Papua",17,"PK-LTZ"
2008-09-01,"","Beechcraft 1900C","Bukavu, Sud-Kivu",17,"ZS-OLD"
1999-06-17,"","Embraer EMB-110 Bandeirante","Goroka, Eastern Highlands",17,"P2-ALX"
2008-09-01,"","Beechcraft 1900C","Bukavu, Sud-Kivu",17,"ZS-OLD"
2021-10-10,"","Let L-410","Menzelinsk, Republic of Tatarstan",16,"RF-94591"
1997-08-10,"","Dornier DO228","Matsu Nangan (Matsu Island), Lienchiang County (連江縣)",16,"B-12256"
2001-03-17,"","Beechcraft 1900C","Lubango, Huíla",16,"S9-CAE"
2011-07-13,"","Let L-410","Recife-Guararapes, Pernambuco",16,"PR-NOB"
2008-11-04,"Mexican Government","Learjet 45","Mexico City, Federal District of Mexico City",16,"XC-VMC"
1999-07-20,"","Cessna 208B Grand Caravan","Mt Silva, Región Autónoma del Atlántico Sur",16,"YN-CED"
2013-10-03,"","Embraer EMB-120 Brasília","Lagos-Murtala Muhammed, Lagos",16,"5N-BJY"
2009-07-25,"","Ilyushin II-62","Mashhad, Razavi Khorasan",16,"UP-I6208"
2024-03-12,"","Ilyushin II-76","Ivanovo-Severny, Ivanovo oblast",16,"RF-76551"
2014-05-17,"Laotian Government","Antonov AN-74TK-300","Xieng Khouang, Xieng Khouang Province",16,"RDPL-34020"
2017-07-10,"","Lockheed C-130 Hercules","Itta Bena, Mississippi",16,"165000"
2002-08-29,"","PZL-Mielec AN-28","Ayan, Khabarovsk Krai",16,"RA-28932"
1998-01-27,"","Fokker F27 Friendship","Sandoway, Rakhine State (Arakan)",16,"XY-AES"
2001-12-16,"Heliandes","Let L-410","Medellín, Antioquia",16,"HK-4175X"
2005-08-06,"","ATR72-200","Palermo, Sicily",16,"TS-LBB"
1999-08-10,"","Breguet Bre.1150 Atlantic","Rann of Kutch, Gujarat",16,"91"
2004-12-10,"","PZL-Mielec AN-28","El Junquito, Caracas Federal District",16,"GN-97121"
2012-10-07,"","Antonov AN-12","Khartoum, Khartoum (الخرطوم)",15,"ST-ARV"
2009-08-02,"","De Havilland DHC-6 Twin Otter","Oksibil, Special Region of Papua",15,"PK-NVC"
2005-05-07,"","Swearingen SA227 Metro III","Lockhart River, Queensland",15,"VH-TFU"
1995-07-12,"","De Havilland DHC-6 Twin Otter","Alotau, Milne Bay",15,"P2-MBI"
1997-04-19,"","BAe ATP","Tanjung Pandan-H. AS. Hanandjoeddin, Bangka-Belitung",15,"PK-MTX"
2006-10-19,"","PZL-Mielec AN-2","Aranchi, Tashkent Province (Toshkent viloyati)",15,"UK-70152"
2012-05-14,"","Dornier DO228","Jomsom, Dhawalagiri",15,"9N-AIG"
2003-06-30,"","Lockheed C-130 Hercules","Boufarik AFB, Blida",15,"7T-WHQ"
1997-03-12,"Von Haaf Air","Antonov AN-12","Lucapa, Lunda Norte",15,"RA-11531"
2005-02-22,"","Casa 212 Aviocar","Sarmi, Special Region of Papua",15,"P-2032"
2019-01-14,"","Boeing 707","Fath, Tehran City District",15,"EP-CPP"
1999-09-05,"","Avro 748","Kathmandu-Tribhuvan, Bagmati",15,"9N-AEG"
2018-09-17,"","Ilyushin II-20","Latakia, Latakia Governorate (مُحافظة اللاذقية‎)",15,"RF-93610"
1995-06-24,"","Tupolev TU-134","Lagos-Murtala Muhammed, Lagos",15,"RA-65617"
1996-11-01,"Transportes Aéreos Profesionales Guatemalteca","Embraer EMB-110 Bandeirante","Flores-Mundo Maya (Santa Elena), Petén",14,"TG-TPA"
2011-02-14,"","Let L-410","Tegucigalpa, Francisco Morazán",14,"HR-AUQ"
2022-02-26,"","Cessna 208B Grand Caravan","Mohéli-Bandar es Eslam, All Comoros Islands",14,"5H-MZA"
2003-07-19,"Ryan Blake Air Charter","Swearingen SA226 Metro II","Mt Kenya, Central",14,"ZS-OYI"
2015-10-02,"","Lockheed C-130 Hercules","Jalalabad, Nangarhar",14,"08-3174"
2007-08-26,"Great Lakes Business Company","Antonov AN-32","Kongolo, Katanga",14,"9Q-CAC"
2009-05-22,"Santa Coloma Investimento e Participações","Beechcraft 350 Super King Air","Porto Seguro-Terravista Golf Club, Bahia",14,"PR-MOZ"
2006-09-02,"","BAe Nimrod","Kandahar, Kandahar",14,"XV230"
2002-05-07,"","Boeing 737-500","Tunis-Carthage, Tunis Governorate (ولاية تونس‎)",14,"SU-GBI"
2008-01-04,"","Let L-410","Los Roques, Los Roques Federal Dependencies",14,"YV2081"
2001-04-04,"","Antonov AN-24","Adar Yeil, Upper Nile (أعالي النيل)",14,"-"
2010-08-24,"","Dornier DO228","Kathmandu, Bagmati",14,"9N-AHE"
2006-04-10,"","Harbin Yunsunji Y-12","Marsabit, Rift Valley",14,"KAF132"
2013-10-14,"","Cessna 208B Grand Caravan","Loreto, Baja California Sur",14,"XA-TXM"
1996-11-14,"","PZL-Mielec AN-2","Most Pyssa, Republic of Komi",14,"RA-40309"
2009-03-22,"Eagle Cap Leasing","Pilatus PC-12","Butte, Montana",14,"N128CM"
1998-12-26,"","Lockheed C-130 Hercules","Huambo-Albano Machado, Huambo",14,"S9-CAO"
1997-04-16,"Niger Air Force - Forces aériennes nigériennes","Lockheed C-130 Hercules","Niamey, Niamey City District",14,"5U-MBD"
2002-07-28,"","Ilyushin II-86","Moscow-Sheremetyevo, Moscow oblast",14,"RA-86060"
1995-01-10,"","De Havilland DHC-6 Twin Otter","Rinca Island (Pulau Rinca), East Nusa Tenggara",14,"PK-NUK"
1996-01-18,"","BAe 125","Kano, Kano",14,"5N-AXO"
2019-03-09,"","Douglas DC-3","Finca La Bendición, Meta",14,"HK-2494"
2023-09-16,"","Embraer EMB-110 Bandeirante","Barcelos, Amazonas",14,"PT-SOG"
2001-01-04,"","Shaanxi Y-8","Zhengzhou AFB, Henan",14,"31243"
1998-07-30,"","Beechcraft 1900D","Quiberon, Morbihan",14,"F-GSJM"
2003-07-19,"Ryan Blake Air Charter","Swearingen SA226 Metro II","Mt Kenya, Central",14,"ZS-OYI"
2015-10-02,"","Lockheed C-130 Hercules","Jalalabad, Nangarhar",14,"08-3174"
2011-02-14,"","Let L-410","Tegucigalpa, Francisco Morazán",14,"HR-AUQ"
2022-02-26,"","Cessna 208B Grand Caravan","Mohéli-Bandar es Eslam, All Comoros Islands",14,"5H-MZA"
1998-03-18,"","Saab 340","Hsinchu, Hsinchu City (新竹市)",13,"B-12255"
2009-08-11,"","De Havilland DHC-6 Twin Otter","Kokoda, Central",13,"P2-MCB"
2004-10-19,"","BAe Jetstream 31","Kirksville, Missouri",13,"N875JX"
2001-07-12,"Overtec","PZL-Mielec AN-28","Puerto Cabello, Carabobo",13,"YV-117CP"
2011-12-10,"Aviation Technology Innovators","Beechcraft 80 Queen Air","Manila-Ninoy Aquino, Metro Manila",13,"RP-C824"
2005-09-09,"","Antonov AN-26","Boulankio, Brazzaville City District",13,"9Q-CFD"
2007-05-24,"","De Havilland DHC-6 Twin Otter","Pampa Hermosa, San Martín",13,"FAP-303"
1997-08-21,"Afghan Antitaliban Alliance","Antonov AN-32","Bamyan, Bamyan",13,"-"
2019-06-03,"","Antonov AN-32","Lipo, Arunachal Pradesh",13,"K2752"
2006-09-17,"","Dornier DO228","Vande Ikya, Benue",13,"NAF033"
2003-11-17,"","Antonov AN-12","Wau, Western Bahr el Ghazal (غرب بحر الغزال)",13,"ST-SAA"
2016-12-18,"","Lockheed C-130 Hercules","Wamena, Special Region of Papua",13,"A-1334"
2005-05-18,"","Harbin Yunsunji Y-12","Mongu, Western",13,"AF-216"
1998-11-11,"Vilyui","Antonov AN-12","Krasnoyarsk-Yemelyanovo (Severny), Krasnoyarsk Krai",13,"RA-12955"
1995-06-16,"Nikolayevski Aviation Enterprise","PZL-Mielec AN-2","Kherpuchi, Khabarovsk Krai",13,"RA-07743"
2005-04-28,"","Let L-410","Pisco, Ica",13,"EP-830"
2000-07-25,"","Lockheed C-130 Hercules","King Hussein AFB (Mafraq), Mafraq",13,"348"
2008-01-19,"Gira Globo Lda Aeronautica","Beechcraft 200 Super King Air","Huambo-Albano Machado, Huambo",13,"D2-FFK"
1998-08-26,"TechAviaService","Antonov AN-12","Fazenda Libonge, Bengo",13,"EW-11368"
2016-12-03,"","PZL-Mielec AN-28","Tanjung Pinang, Riau Islands",13,"P-4201"
2012-06-11,"Avia-Zov","PZL-Mielec AN-2","Serov, Sverdlovsk oblast",13,"RA-40312"
2002-09-14,"","Antonov AN-2","Manskiy, Krasnoyarsk Krai",13,"RA-56888"
2019-05-05,"Compañía de Aviación y Logística Empresarial S.A.P.I.","Canadair CL-601 Challenger","La Rosita, Coahuila",13,"N601VH"
1995-05-24,"","Embraer EMB-110 Bandeirante","Leeds-Bradford, West Yorkshire",12,"G-OEAA"
2011-08-20,"","Boeing 737-200","Resolute Bay, Nunavut",12,"C-GNWN"
2019-12-27,"","Fokker 100","Almaty, Almaty Province",12,"UP-F1007"
2016-04-13,"","Britten-Norman Islander","Kiunga, Western (Fly)",12,"P2-SBC"
1996-08-19,"","Ilyushin II-76","Belgrade-Nikola Tesla (ex Surčin), Belgrade City District",12,"RA-76513"
2010-12-28,"","Antonov AN-22","Krasny Oktyabr, Tula oblast",12,"RA-09343"
1995-09-10,"Peninsula Sky Divers","Beechcraft 65 Queen Air","West Point-Middle Peninsula, Virginia",12,"N945PA"
1996-11-19,"","Beechcraft 1900C","Quincy-Baldwin Field, Illinois",12,"N87GL"
2023-10-29,"","Cessna 208B Grand Caravan","Rio Branco-Plácido de Castro, Acre",12,"PT-MEE"
2018-01-29,"","Shaanxi Y-8","Zhengchang, Guizhou",12,"30513"
1999-09-01,"Northern Air","Cessna 404 Titan","Mt Meru, Arusha Region",12,"5H-NAT"
1995-01-05,"","Lockheed L-1329 JetStar","Isfahan-Shahid Beheshti, Isfahan",12,"1003"
2010-07-05,"","PZL-Mielec AN-2","Tuzla, Constanța",12,"53"
1998-07-29,"Selva Táxi Aéreo","Embraer EMB-110 Bandeirante","Manacapuru, Amazonas",12,"PT-LGN"
2017-12-31,"","Cessna 208B Grand Caravan","Punta Islita, Guanacaste (North Pacific)",12,"TI-BEI"
2017-09-30,"","Antonov AN-12","Kinshasa, Kinshasa City Province",12,"EX-001"
2010-08-03,"","Antonov AN-24","Igarka, Krasnoyarsk Krai",12,"RA-46524"
2021-06-10,"","Beechcraft 1900D","Pyin Oo Lwin-Anisakan (Maymyo), Mandalay Region",12,"4610"
2006-11-17,"","De Havilland DHC-6 Twin Otter","Mt Puncak Jaya, Special Region of Papua",12,"PK-YPY"
1996-06-20,"Namco","Gulfstream GII","Jos, Plateau",12,"VR-BLJ"
2008-12-15,"Línea Aérea Puertorriqueña","Britten-Norman Trislander","Providenciales, All Turks and Caicos Islands",12,"N650LP"
2022-05-11,"","De Havilland DHC-6 Twin Otter","Nanga Eboko, Centre",11,"TJ-TIM"
2008-04-16,"","Antonov AN-32","Annobón Island, Annobón Province (San Antonio de Palé)",11,"3C-5GE"
2005-09-05,"Kavatshi Airlines","Antonov AN-26","Isiro, Orientale",11,"ER-AZT"
2009-11-01,"Russian Government","Ilyushin II-76","Mirny, Republic of Yakutia (Sakha)",11,"RF-76801"
2015-07-31,"","Casa-Nurtanio CN-235 (IPTN)","Agustín Codazzi, Cesar",11,"FAC1261"
2011-08-09,"Avis-Amur","Antonov AN-12","Omsukchan, Magadan oblast",11,"RA-11125"
2012-12-05,"","Douglas C-47 Skytrain (DC-3)","Mt Drakensberg, KwaZulu-Natal",11,"6840"
2013-10-19,"","Pilatus PC-6 (Porter & Turbo Porter)","Namur, Namur",11,"OO-NAC"
2010-11-28,"Sun Way","Ilyushin II-76","Karachi-Muhammad Ali Jinnah-Quaid-e-Azam, Sindh (سنڌ سندھ)",11,"4L-GNI"
2009-03-09,"","Ilyushin II-76","Entebbe, Central",11,"S9-SAB"
2017-11-15,"","Cessna 208B Grand Caravan","Empakaai Camp, Arusha Region",11,"5H-EGG"
2014-02-21,"","Antonov AN-26","Grombalia, Nabeul Governorate (ولاية نابل‎)",11,"5A-DOW"
2019-06-21,"","Beechcraft 90 King Air","Dillingham (O'ahu Island), Hawaii",11,"N256TA"
2012-06-21,"","Fokker F27 Friendship","Jakarta-Halim Perdanakusuma, City District of Jakarta",11,"A-2708"
2008-08-25,"","Lockheed C-130 Hercules","Davao City, Davao del Sur",11,"4593"
1996-02-12,"Haïti Air Express","GAF Nomad N.24","Port-au-Prince-Toussaint Louverture (François Duvalier), West",11,"N224E"
1998-11-01,"","Douglas C-47 Skytrain (DC-3)","Quetzaltenango-Los Altos, Quetzaltenango",11,"N3FY"
2009-11-06,"","Tupolev TU-142","Tatar Strait, Sakhalin oblast",11,"55 red"
1997-12-22,"","Antonov AN-72","Angola, All Angola",11,"ER-ACF"
2018-03-11,"","Canadair CL-604 Challenger","Shahr-e-Kord, Chahar Mahaal and Bakhtiari",11,"TC-TRB"
1999-02-03,"","Britten-Norman Islander","Hoskins, West New Britain",11,"P2-ALH"
1999-06-01,"","McDonnell Douglas MD-82","Little Rock-Bill & Hillary Clinton, Arkansas",11,"N215AA"
2006-01-09,"Islamic Revolutionary Guard Corps","Dassault Falcon 20","Orūmīyeh, West Azerbaijan",11,"15-2233"
2002-10-01,"","Ilyushin II-38","Dabolim, Goa",11,"IN304"
2008-08-24,"","Cessna 208A Caravan","Cabañas, Zacapa",11,"TG-JCS"
1995-11-13,"","Boeing 737-200","Kaduna-Intl, Kaduna",11,"5N-AUA"
1998-06-18,"","Swearingen SA226 Metro II","Montreal-Mirabel, Quebec",11,"C-GQAL"
2024-01-14,"","Beriev A-50","Kyrylivka, Zaporizhia Oblast",11,"RF-93966"
2021-05-21,"","Beechcraft 350 Super King Air","Kaduna-Intl, Kaduna",11,"NAF203"
2007-03-23,"","Ilyushin II-76","Mogadishu, Banaadir (بنادر‎)",11,"EW-78849"
2009-04-17,"","Pilatus PC-6 (Porter & Turbo Porter)","Mulia, Special Region of Papua",11,"PK-LTJ"
2009-10-09,"","Casa 212 Aviocar","Fonds-Verrettes, West",11,"FAU-531"
2022-05-11,"","De Havilland DHC-6 Twin Otter","Nanga Eboko, Centre",11,"TJ-TIM"
2008-04-16,"","Antonov AN-32","Annobón Island, Annobón Province (San Antonio de Palé)",11,"3C-5GE"
2005-09-05,"Kavatshi Airlines","Antonov AN-26","Isiro, Orientale",11,"ER-AZT"
2013-07-07,"","De Havilland DHC-3 Otter","Soldotna, Alaska",10,"N93PC"
2004-01-17,"","Cessna 208B Grand Caravan","Pelée Island, Ontario",10,"C-FAGA"
1999-09-25,"","Piper PA-31-350 Navajo Chieftain","Mt Mauna Loa, Hawaii",10,"N411WL"
2001-01-27,"","Beechcraft 200 Super King Air","Byers, Colorado",10,"N81PF"
2002-08-07,"","Lockheed C-130 Hercules","Caguas, All Puerto Rico",10,"90-0161"
1995-01-20,"Leadair Unijet","Dassault Falcon 20","Paris-Le Bourget, Seine-Saint-Denis",10,"F-GHLN"
2018-06-05,"","Cessna 208B Grand Caravan","Mt Aberdare, Central",10,"5Y-CAC"
2023-08-17,"","Raytheon 390 Premier I","Kuala Lumpur-Subang-Sultan Abdul Aziz Shah, Selangor",10,"N28JV"
2024-02-23,"","Beriev A-50","Yeysk, Krasnodar Krai",10,"RF-50610"
2004-10-24,"","Beechcraft 200 Super King Air","Mt Bull, Virginia",10,"N501RH"
2000-01-10,"","Saab 340","Nassenwil, Zurich",10,"HB-AKK"
2016-07-01,"","Ilyushin II-76","Uyan, Irkutsk oblast",10,"RA-76840"
1997-12-31,"","Britten-Norman Islander","Rio Sidra, Guna Yala",10,"HP-986PS"
2015-03-19,"","Beechcraft 90 King Air","Laguna del Sauce, Maldonado",10,"LV-CEO"
2001-02-10,"","GAF Nomad N.24","Jacobkondre, Sipaliwini",10,"PZ-TBP"
2005-05-16,"","Beechcraft 80 Queen Air","Meseta del Guenguel, Santa Cruz",10,"CC-CFS"
2012-11-21,"","Antonov AN-26","Sana'a, Sana'a (صنعاء)",10,"420"
2003-09-11,"Jeannine Emma Louise Van Laere","Beechcraft 200 Super King Air","Funchal, Madeira",10,"N600BV"
1996-02-19,"","Cessna 550 Citation II","Freilassing, Bavaria",10,"D-CASH"
2014-09-06,"","Piper PA-31-350 Navajo Chieftain","Araracuara, Caquetá",10,"HK-4755"
1999-12-25,"","De Havilland DHC-6 Twin Otter","Simara, Narayani",10,"9N-AFL"
2001-10-10,"","Cessna 208A Caravan","Dillingham, Alaska",10,"N9530F"
2012-09-12,"","PZL-Mielec AN-28","Palana, Kamchatka Krai",10,"RA-28715"
1996-01-12,"Centravia","Piper PA-31-350 Navajo Chieftain","Moroubas, Ouaka",10,"TL-ASB"
1997-09-06,"","Dornier DO228","Miri, Sarawak",10,"9M-MIA"
1996-02-22,"","Antonov AN-24","Baia Mare, Maramureș",10,"YR-BMK"
2016-07-01,"","Ilyushin II-76","Uyan, Irkutsk oblast",10,"RA-76840"
2004-10-24,"","Beechcraft 200 Super King Air","Mt Bull, Virginia",10,"N501RH"
2000-01-10,"","Saab 340","Nassenwil, Zurich",10,"HB-AKK"
2012-11-21,"","Antonov AN-26","Sana'a, Sana'a (صنعاء)",10,"420"
2003-09-11,"Jeannine Emma Louise Van Laere","Beechcraft 200 Super King Air","Funchal, Madeira",10,"N600BV"
1997-12-31,"","Britten-Norman Islander","Rio Sidra, Guna Yala",10,"HP-986PS"
2015-03-19,"","Beechcraft 90 King Air","Laguna del Sauce, Maldonado",10,"LV-CEO"
2001-02-10,"","GAF Nomad N.24","Jacobkondre, Sipaliwini",10,"PZ-TBP"
2005-05-16,"","Beechcraft 80 Queen Air","Meseta del Guenguel, Santa Cruz",10,"CC-CFS"
2012-09-12,"","PZL-Mielec AN-28","Palana, Kamchatka Krai",10,"RA-28715"
1996-02-19,"","Cessna 550 Citation II","Freilassing, Bavaria",10,"D-CASH"
2014-09-06,"","Piper PA-31-350 Navajo Chieftain","Araracuara, Caquetá",10,"HK-4755"
1999-12-25,"","De Havilland DHC-6 Twin Otter","Simara, Narayani",10,"9N-AFL"
2001-10-10,"","Cessna 208A Caravan","Dillingham, Alaska",10,"N9530F"
1996-01-12,"Centravia","Piper PA-31-350 Navajo Chieftain","Moroubas, Ouaka",10,"TL-ASB"
1997-09-06,"","Dornier DO228","Miri, Sarawak",10,"9M-MIA"
2012-06-02,"","Boeing 727-200","Accra-Kotoka, Greater Accra",10,"5N-BJN"
2013-03-12,"","Embraer EMB-820 Navajo/Carajá","Almeirim, Pará",10,"PT-VAQ"
2007-10-07,"","Cessna 208B Grand Caravan","Naches, Washington",10,"N430A"
1996-02-22,"","Antonov AN-24","Baia Mare, Maramureș",10,"YR-BMK"
1996-11-22,"","Lockheed C-130 Hercules","Pacific Ocean, World",10,"64-14856"
1995-02-21,"","Shin Meiwa PS-1","Okinoshima (Oki Island), Chūgoku",10,"9080"
2023-06-24,"","Ilyushin II-22","Kantemirovka, Voronezh oblast",10,"RF-75917"
2024-12-22,"","Piper PA-42 Cheyenne","Gramado, Rio Grande do Sul",10,"PR-NDN"
2001-04-28,"Les Grands Jorasses","Cessna 208B Grand Caravan","Roque Pérez, Buenos Aires province",10,"LV-WSC"
2011-05-25,"","Pilatus PC-12","Faridabad, Haryana",10,"VT-ACF"
2008-08-22,"Leavitt Group Wings","Beechcraft 100 King Air","Moab, Utah",10,"N601PC"
1995-08-09,"","Avro 748","Kaimana, Special Region of West Papua",10,"PK-KHL"
1997-12-12,"Servicios y Transportes Aéreos Petroleros - STAP","Swearingen SA226 Metro II","La Vertiente, Tarija",10,"CP-1635"
2005-01-30,"","Lockheed C-130 Hercules","Baghdad, Baghdād (بغداد)",10,"XV179"
1996-06-06,"Hoseba","Ilyushin II-76","Kinshasa-N'Djili, Kinshasa City Province",10,"UR-76539"
2019-06-30,"EE Operations","Beechcraft 350 Super King Air","Addison, Texas",10,"N534FF"
2000-08-26,"","Cessna 208B Grand Caravan","Mt Arenal, Alajuela (Center-North)",10,"HP-1357APP"
2015-12-22,"","Beechcraft 200 Super King Air","New Delhi-Indira Gandhi, National Capital Territory of Delhi",10,"VT-BSA"
2004-01-17,"","Cessna 208B Grand Caravan","Pelée Island, Ontario",10,"C-FAGA"
2013-07-07,"","De Havilland DHC-3 Otter","Soldotna, Alaska",10,"N93PC"
1999-09-25,"","Piper PA-31-350 Navajo Chieftain","Mt Mauna Loa, Hawaii",10,"N411WL"
2001-01-27,"","Beechcraft 200 Super King Air","Byers, Colorado",10,"N81PF"
2002-08-07,"","Lockheed C-130 Hercules","Caguas, All Puerto Rico",10,"90-0161"
1997-10-08,"","Cessna 208B Grand Caravan","Uncompahgre National Forest, Colorado",9,"N12022"
2001-01-14,"Skydive Salt Lake","Beechcraft 90 King Air","Tooele Valley, Utah",9,"N616F"
2006-06-21,"","De Havilland DHC-6 Twin Otter","Jumla, Karnali",9,"9N-AEQ"
2008-05-26,"","Antonov AN-12","Chelyabinsk, Chelyabinsk oblast",9,"RA-12957"
2015-06-25,"","De Havilland DHC-3 Otter","Ella Lake, Alaska",9,"N270PA"
2005-03-26,"","Let L-410","El Embrujo (Providencia Island), San Andrés, Providencia & Santa Catalina",9,"HK-4146"
2020-08-22,"","Antonov AN-26","Juba, Central Equatoria (الاستوائية الوسطى)",9,"EX-126"
2021-12-15,"","Gulfstream GIV","Santo Domingo-Las Américas, Santo Domingo",9,"HI1050"
2007-05-06,"","De Havilland DHC-6 Twin Otter","at-Tamad, Dakahlia",9,"742/F-RACB"
2009-02-25,"","Boeing 737-800","Amsterdam-Schiphol, North Holland",9,"TC-JGE"
1996-03-02,"Madrid Taxi Aéreo","Learjet 25","São Paulo-Guarulhos, São Paulo",9,"PT-LSD"
1996-08-17,"","Lockheed C-130 Hercules","Mt Sleeping Indian (Mt Sheep), Wyoming",9,"74-1662"
2000-03-24,"","Antonov AN-12","Colombo-Bandaranaike, Western Province (மேல் மாகாணம்)",9,"RA-11302"
2010-01-28,"","GAF Nomad N.22","Cotabato City, Maguindanao",9,"18"
2015-11-10,"","BAe 125","Akron-Canton, Ohio",9,"N237WR"
2018-05-02,"","Lockheed C-130 Hercules","Savannah, Georgia",9,"65-0968"
1997-11-01,"Centre Ecole Régional Parachutisme de Picardie","Pilatus PC-6 (Porter & Turbo Porter)","Laon-Chambry, Aisne",9,"F-GHXS"
2000-03-09,"Vologda Air Enterprise - Vologodskoe Aviapredpriatie","Yakovlev Yak-40","Moscow-Sheremetyevo, Moscow oblast",9,"RA-88170"
2019-07-14,"","GippsAero GA8 Airvan","Umeå, Västerbotten",9,"SE-MES"
2019-11-30,"","Pilatus PC-12","Chamberlain, South Dakota",9,"N56KJ"
2001-09-27,"","Lockheed C-130 Hercules","Campo dos Afonsos AFB, Rio de Janeiro",9,"2455"
1995-05-09,"Cooperativa Interregional de Colombia (COINCO)","Curtiss C-46 Commando","Villavicencio, Meta",9,"HK-3079-G"
1998-07-30,"","Dornier DO228","Cochin, Kerala",9,"VT-EJW"
1998-10-12,"Jetair Flight Academy","Cessna 402","Stord-Sørstokken, Hordaland",9,"OY-BHE"
1997-09-13,"","Lockheed C-141 Starlifter","Atlantic Ocean, World",9,"65-9405"
2024-03-28,"Comercializadora Masvi","Beechcraft 90 King Air","Palenque, Chiapas",9,"XB-SKA"
2008-05-26,"","Antonov AN-12","Chelyabinsk, Chelyabinsk oblast",9,"RA-12957"
1996-02-27,"Aero Tropical","Antonov AN-12","Lucapa, Lunda Norte",9,"ER-ACE"
1996-07-11,"","Let L-410","Kulu-Bhuntar, Himachal Pradesh",9,"VT-ETC"
2000-08-09,"Patuxent Airways","Piper PA-31-350 Navajo Chieftain","Burlington, New Jersey",9,"N27944"
2019-12-19,"","Beechcraft 100 King Air","Charallave-Óscar Machado Zuloaga, Miranda",9,"YV1104"
2021-07-08,"Kalle David Flyg","De Havilland DHC-2 Beaver","Örebro, Närke",9,"SE-KKD"
2008-10-05,"Glen Lena","Britten-Norman Islander","Barberton, Mpumalanga",9,"ZS-OSD"
2017-07-04,"Servicio Autónomo de Transporte Aéreo - SATA","Gulfstream GIII","Punta Arenas, Nueva Esparta",9,"YV2896"
1996-08-03,"","Gulfstream GIII","Vágar, Vágar",9,"F-330"
2004-02-26,"Macedonian Government","Beechcraft 200 Super King Air","Berkovići, Republika Srpska",9,"Z3-BAB"
2005-01-13,"Tura Air Enterprise - Turinskoe Aviapredpriatie","PZL-Mielec AN-2","Tura, Krasnoyarsk Krai",9,"RA-62597"
1995-10-31,"Transportes Aéreos de Coahuila - TACSA","Cessna 208B Grand Caravan","Piedras Negras, Coahuila",9,"XA-SVM"
2005-03-31,"","Lockheed C-130 Hercules","Gramsh, Elbasan",9,"87-0127"
2021-11-03,"","Antonov AN-12","Irkutsk-Intl, Irkutsk oblast",9,"EW-518TI"
1997-11-01,"Centre Ecole Régional Parachutisme de Picardie","Pilatus PC-6 (Porter & Turbo Porter)","Laon-Chambry, Aisne",9,"F-GHXS"
2000-03-09,"Vologda Air Enterprise - Vologodskoe Aviapredpriatie","Yakovlev Yak-40","Moscow-Sheremetyevo, Moscow oblast",9,"RA-88170"
2019-07-14,"","GippsAero GA8 Airvan","Umeå, Västerbotten",9,"SE-MES"
1997-12-20,"","Beechcraft 80 Queen Air","Caracas-Maiquetía-Simón Bolívar, Vargas",9,"YV-539C"
2010-09-04,"Skydive New Zealand","Fletcher FU-24","Fox Glacier, West Coast Regional Council",9,"ZK-EUF"
2019-11-30,"","Pilatus PC-12","Chamberlain, South Dakota",9,"N56KJ"
1995-05-09,"Cooperativa Interregional de Colombia (COINCO)","Curtiss C-46 Commando","Villavicencio, Meta",9,"HK-3079-G"
1998-07-30,"","Dornier DO228","Cochin, Kerala",9,"VT-EJW"
1998-10-12,"Jetair Flight Academy","Cessna 402","Stord-Sørstokken, Hordaland",9,"OY-BHE"
1997-09-13,"","Lockheed C-141 Starlifter","Atlantic Ocean, World",9,"65-9405"
2024-03-28,"Comercializadora Masvi","Beechcraft 90 King Air","Palenque, Chiapas",9,"XB-SKA"
2001-09-27,"","Lockheed C-130 Hercules","Campo dos Afonsos AFB, Rio de Janeiro",9,"2455"
2008-05-26,"","Antonov AN-12","Chelyabinsk, Chelyabinsk oblast",9,"RA-12957"
1996-02-27,"Aero Tropical","Antonov AN-12","Lucapa, Lunda Norte",9,"ER-ACE"
1999-01-02,"","Lockheed C-130 Hercules","Huambo-Albano Machado, Huambo",9,"D2-EHD"
2024-08-22,"","Cessna 208B Grand Caravan","Wat Khao Din, Chachoengsao (ฉะเชิงเทรา)",9,"HS-SKR"
2021-12-15,"","Gulfstream GIV","Santo Domingo-Las Américas, Santo Domingo",9,"HI1050"
2007-05-06,"","De Havilland DHC-6 Twin Otter","at-Tamad, Dakahlia",9,"742/F-RACB"
2009-02-25,"","Boeing 737-800","Amsterdam-Schiphol, North Holland",9,"TC-JGE"
2015-06-25,"","De Havilland DHC-3 Otter","Ella Lake, Alaska",9,"N270PA"
2005-03-26,"","Let L-410","El Embrujo (Providencia Island), San Andrés, Providencia & Santa Catalina",9,"HK-4146"
2020-08-22,"","Antonov AN-26","Juba, Central Equatoria (الاستوائية الوسطى)",9,"EX-126"
1995-04-17,"","Learjet C-21A","Alexander City-Thomas C. Russell, Alabama",8,"84-0136"
1999-01-11,"","Hindustan Aeronautics HAL-748","Arakkonam-Rajali NAS, Tamil Nadu",8,"H2175"
1999-04-15,"","McDonnell Douglas MD-11","Shanghai-Hongqiao, Shanghai",8,"HL7373"
2020-03-29,"","IAI 1124 Westwind","Manila-Ninoy Aquino, Metro Manila",8,"RP-C5880"
2001-09-30,"Birla Global Finance","Beechcraft 90 King Air","Mainpuri, Uttar Pradesh",8,"VT-EFF"
2011-08-02,"","Cessna 208B Grand Caravan","Bom Jardim da Serra, Santa Catarina",8,"2735"
2003-09-13,"","Cessna 402","Tecalitlán, Jalisco",8,"XB-FTA"
1996-11-07,"","Cessna 421C Golden Eagle III","Donzeil, Creuse",8,"HB-LRX"
2007-11-04,"","Learjet 35","Campo de Marte AFB (São Paulo), São Paulo",8,"PT-OVC"
2017-05-01,"","Cessna 208B Grand Caravan","Bogotá-Guaymaral, Bogotá Capital District",8,"EJC-1130"
2022-07-16,"","Antonov AN-12","Eleftheroupolis, East Macedonia and Thrace / Ανατολική Μακεδονία και Θράκη",8,"UR-CIC"
1999-07-02,"","Fokker F27 Friendship","Sittwe, Rakhine State (Arakan)",8,"XY-AEO"
2000-09-04,"Central Air","Beechcraft 200 Super King Air","Wernadinga Station, Queensland",8,"VH-SKC"
2010-10-06,"Aviones Taxi AIFE","Cessna 501 Citation I","Coatzacoalcos, Veracruz",8,"XA-TKY"
2021-08-14,"","Beriev Be-200","Kahramanmaraş, Mediterranean Region (Akdeniz Bölgesi)",8,"RF-88450"
2015-12-24,"","Airbus A310","Mbuji-Mayi, Kasai-Oriental",8,"9Q-CVH"
2005-11-19,"Ivolga Avia","Cessna 208B Grand Caravan","Staroye, Moscow oblast",8,"P4-OIN"
2016-07-31,"","Embraer EMB-820 Navajo/Carajá","Londrina, Paraná",8,"PT-EFQ"
1995-09-02,"","Cessna 421C Golden Eagle III","Mesquite, Nevada",8,"N6234G"
1996-11-13,"Kissimayu Aviation","Piper PA-31-310 Navajo","Ngong, Kajiado",8,"5Y-ALA"
2019-10-10,"","Antonov AN-72","Okoto, Kasai-Oriental",8,"EK-72903"
2005-02-16,"","Cessna 560 Citation V","Pueblo, Colorado",8,"N500AT"
2010-10-12,"","Lockheed C-130 Hercules","Kabul, Kabul",8,"5X-TUC"
2012-07-28,"","Beechcraft 200 Super King Air","Juiz de Fora, Minas Gerais",8,"PR-DOC"
1996-08-30,"","Embraer C-95 Bandeirante","Queluz, São Paulo",8,"2315"
2009-12-13,"","Technoavia SM-92 Turbo Finist","Kalachevo, Chelyabinsk oblast",8,"RA-0257G"
2010-05-15,"","PZL-Mielec AN-28","Poeketi, Sipaliwini",8,"PZ-TSV"
2014-04-19,"Lineas Aéreas Comerciales (LACSA)","BAe 125","Saltillo, Coahuila",8,"XA-UKR"
2005-11-11,"Royal Airlines Cargo","Ilyushin II-76","Kōh-e Khāk-e Shahīdān, Kabul",8,"4L-ZIL"
2011-09-06,"","Swearingen SA227 Metro III","Trinidad-Jorge Heinrich Arauz, Beni",8,"CP-2548"
2022-02-13,"EDP Management Group","Pilatus PC-12","Beaufort, North Carolina",8,"N79NX"
2012-03-22,"","Beechcraft 350 Super King Air","Puerto Aguirre, Región Aysén del General Carlos Ibáñez del Campo",8,"CC-AEB"
2013-11-03,"","Swearingen SA227 Metro III","Riberalta, Beni",8,"CP-2754"
2014-04-20,"Suomen Urheiluilmailijat","Comp Air CA-8","Jämijärvi, Satakunta",8,"OH-XDZ"
1997-10-10,"","Lockheed C-130 Hercules","Taipei-Songshan, Taipei City (臺北市)",8,"1310"
2002-02-07,"","Antonov AN-12","Agadir, Souss-Massa-Drâa",8,"UR-LIP"
2011-10-14,"","Cessna 208B Grand Caravan","Xakanaka, North-West District",8,"A2-AKD"
2003-09-11,"","Cessna 208B Grand Caravan","Nibinamik (Summer Beaver), Ontario",8,"C-FKAB"
1995-10-25,"MAP Ufa Motors","Antonov AN-32","Ufa, Republic of Bashkortostan",8,"RA-48981"
1996-04-05,"","Xian Yunsunji Y-7-100","Nouadhibou, Dakhlet Nouadhibou",8,"5T-MAF"
1996-10-20,"","Piper PA-31-350 Navajo Chieftain","Charlo, New Brunswick",8,"N744W"
2000-10-19,"","Harbin Yunsunji Y-12","Sam Neua, Houaphan Province",8,"RDPL-34130"
2002-12-13,"","Britten-Norman Islander","Tep Tep, Madang",8,"P2-CBB"
1996-01-15,"Pro Air Services","Mitsubishi MU-2 Marquise","Malad City, Idaho",8,"N693PA"
1997-12-11,"","Antonov AN-12","Naryan-Mar, Nenets Autonomous Okrug",8,"RA-12105"
1999-03-18,"","Douglas DC-3","Tame, Arauca",8,"HK-337"
1999-09-03,"CP Horizons Corporation","Beechcraft 90 King Air","West Palm Beach, Florida",8,"N338AS"
2001-09-18,"","Let L-410","Guatemala City-La Aurora, Guatemala",8,"TG-CFE"
2014-04-20,"Suomen Urheiluilmailijat","Comp Air CA-8","Jämijärvi, Satakunta",8,"OH-XDZ"
1997-10-10,"","Lockheed C-130 Hercules","Taipei-Songshan, Taipei City (臺北市)",8,"1310"
2002-02-07,"","Antonov AN-12","Agadir, Souss-Massa-Drâa",8,"UR-LIP"
2003-09-11,"","Cessna 208B Grand Caravan","Nibinamik (Summer Beaver), Ontario",8,"C-FKAB"
1995-10-25,"MAP Ufa Motors","Antonov AN-32","Ufa, Republic of Bashkortostan",8,"RA-48981"
1996-04-05,"","Xian Yunsunji Y-7-100","Nouadhibou, Dakhlet Nouadhibou",8,"5T-MAF"
1996-10-20,"","Piper PA-31-350 Navajo Chieftain","Charlo, New Brunswick",8,"N744W"
2000-10-19,"","Harbin Yunsunji Y-12","Sam Neua, Houaphan Province",8,"RDPL-34130"
2021-10-03,"Aviroms Rent A Car","Pilatus PC-12","Milan-Linate, Lombardy",8,"YR-PDV"
2002-12-13,"","Britten-Norman Islander","Tep Tep, Madang",8,"P2-CBB"
1996-01-15,"Pro Air Services","Mitsubishi MU-2 Marquise","Malad City, Idaho",8,"N693PA"
1997-12-11,"","Antonov AN-12","Naryan-Mar, Nenets Autonomous Okrug",8,"RA-12105"
1999-03-18,"","Douglas DC-3","Tame, Arauca",8,"HK-337"
1999-09-03,"CP Horizons Corporation","Beechcraft 90 King Air","West Palm Beach, Florida",8,"N338AS"
2001-09-18,"","Let L-410","Guatemala City-La Aurora, Guatemala",8,"TG-CFE"
2006-04-27,"LAC - Sky Congo","Convair CV-580","Amisi, Katanga",8,"ZS-SKH"
2002-10-25,"","Beechcraft 100 King Air","Eveleth, Minnesota",8,"N41BE"
2003-06-06,"Air Adventures New Zealand","Piper PA-31-350 Navajo Chieftain","Christchurch, Canterbury Regional Council",8,"ZK-NCA"
1995-02-13,"","Piper PA-31-350 Navajo Chieftain","Grand Canyon-National Park, Arizona",8,"N27245"
1997-11-08,"","Cessna 208B Grand Caravan","Barrow, Alaska",8,"N750GC"
2005-03-23,"","Ilyushin II-76","Mwanza, Mwanza Region",8,"ER-IBR"
2000-10-29,"Oscar Osorio Ramírez","Piper PA-31-310 Navajo","Sasaima, Cundinamarca",8,"HK-2644-P"
1995-08-21,"","Embraer EMB-120 Brasília","Carrollton, Georgia",8,"N256AS"
1998-06-26,"","Beechcraft 200 Super King Air","Abidjan, Lagunes",8,"ZS-MSL"
2000-06-27,"","Kawasaki C-1","Shimano, Kansai",8,"88-1027"
2005-09-01,"AeroAndes","Piper PA-31-350 Navajo Chieftain","Bogotá-Guaymaral, Bogotá Capital District",8,"HK-3069P"
2012-03-01,"","Piper PA-31-310 Navajo","Quellón, Región de Los Lagos",8,"CC-CYM"
1995-04-17,"","Learjet C-21A","Alexander City-Thomas C. Russell, Alabama",8,"84-0136"
1999-01-11,"","Hindustan Aeronautics HAL-748","Arakkonam-Rajali NAS, Tamil Nadu",8,"H2175"
1999-04-15,"","McDonnell Douglas MD-11","Shanghai-Hongqiao, Shanghai",8,"HL7373"
2020-03-29,"","IAI 1124 Westwind","Manila-Ninoy Aquino, Metro Manila",8,"RP-C5880"
2001-09-30,"Birla Global Finance","Beechcraft 90 King Air","Mainpuri, Uttar Pradesh",8,"VT-EFF"
2003-09-13,"","Cessna 402","Tecalitlán, Jalisco",8,"XB-FTA"
1996-11-07,"","Cessna 421C Golden Eagle III","Donzeil, Creuse",8,"HB-LRX"
2018-08-11,"","PAC 750XL - Pacific Aerospace Corporation","Oksibil, Special Region of Papua",8,"PK-HVQ"
1999-12-09,"","Piper PA-31-310 Navajo","Sundsvall, Medelpad",8,"SE-GDN"
2000-05-31,"","Piper PA-31-350 Navajo Chieftain","Whyalla, South Australia",8,"VH-MZK"
2011-08-02,"","Cessna 208B Grand Caravan","Bom Jardim da Serra, Santa Catarina",8,"2735"
2003-06-25,"","Lockheed C-130 Hercules","Rudshur, Qom",7,"-"
2003-12-17,"","Casa-Nurtanio CN-235 (IPTN)","Pic du Pioulou, Ariège",7,"F-RAIA"
2019-10-02,"","Boeing B-17 Flying Fortress","Windsor Locks-Bradley, Connecticut",7,"N93012"
2000-03-22,"","Casa 212 Aviocar","Cubillejo, Castile-La Mancha",7,"TM.12D-73"
2024-07-26,"Haynie Enterprises","Pilatus PC-12","Gillette, Wyoming",7,"N357HE"
2016-03-29,"","Mitsubishi MU-2 Marquise","Le Havre-aux-Maisons (Magdalen Islands), Quebec",7,"N246W"
2021-05-29,"JL & GL Productions LP","Cessna 501 Citation I","Smyrna-Rutherford County, Tennessee",7,"N66BK"
2013-03-04,"","Fokker 50","Goma, Nord-Kivu",7,"9Q-CBD"
2008-11-13,"","Antonov AN-12","Al-Taqaddum AFB, Al-Anbar (الأنبار)",7,"S9-SAO"
1998-12-07,"","Britten-Norman Islander","Baie-Comeau, Quebec",7,"C-FCVK"
2009-09-22,"","Ilyushin II-76","Varamin, Tehran City District",7,"5-8208"
1996-10-06,"","Antonov AN-12","Lucapa, Lunda Norte",7,"RA-11101"
2004-05-04,"","Cessna 208B Grand Caravan","Mt Awakapa Tepuy (Chimanta), Bolívar",7,"YV-O-CBL-7"
2004-05-02,"","Rockwell Gulfstream 690C Jetprop 840","Milpillas, Aguascalientes",7,"XC-JEH"
2014-12-24,"","Cessna 207 Skywagon/Stationair","Piedecuesta, Santander",7,"HK-4892"
2000-12-16,"Agropecuária J. Caetano","Rockwell Turbo Commander 680/681","São Paulo-Congonhas, São Paulo",7,"PT-IEE"
2012-07-12,"","Harbin Yunsunji Y-12","Nouakchott, Nouakchott City District",7,"5T-MAE"
1995-09-02,"","BAe Nimrod","Toronto, Ontario",7,"XV239"
2014-08-13,"","Cessna 560XLS Citation Excel","Santos, São Paulo",7,"PR-AFA"
2015-04-07,"Make it Happen Aviation","Cessna 414 Chancellor","Bloomington, Illinois",7,"N789UP"
2000-09-02,"","Basler BT-67","Pueblo Rico, Risaralda",7,"FAC-1659"
2015-09-05,"","BAe 125","Atlantic Ocean, World",7,"6V-AIM"
2001-01-28,"Rafael Perez","Rockwell Aero Commander 500","Puerto Plata, Puerto Plata",7,"HI-535SP"
2008-11-13,"","Antonov AN-12","Al-Taqaddum AFB, Al-Anbar (الأنبار)",7,"S9-SAO"
1998-12-07,"","Britten-Norman Islander","Baie-Comeau, Quebec",7,"C-FCVK"
2009-09-22,"","Ilyushin II-76","Varamin, Tehran City District",7,"5-8208"
1996-10-06,"","Antonov AN-12","Lucapa, Lunda Norte",7,"RA-11101"
2004-05-04,"","Cessna 208B Grand Caravan","Mt Awakapa Tepuy (Chimanta), Bolívar",7,"YV-O-CBL-7"
2004-05-02,"","Rockwell Gulfstream 690C Jetprop 840","Milpillas, Aguascalientes",7,"XC-JEH"
2014-12-24,"","Cessna 207 Skywagon/Stationair","Piedecuesta, Santander",7,"HK-4892"
2000-12-16,"Agropecuária J. Caetano","Rockwell Turbo Commander 680/681","São Paulo-Congonhas, São Paulo",7,"PT-IEE"
1995-09-02,"","BAe Nimrod","Toronto, Ontario",7,"XV239"
2014-08-13,"","Cessna 560XLS Citation Excel","Santos, São Paulo",7,"PR-AFA"
2015-04-07,"Make it Happen Aviation","Cessna 414 Chancellor","Bloomington, Illinois",7,"N789UP"
2000-09-02,"","Basler BT-67","Pueblo Rico, Risaralda",7,"FAC-1659"
2015-09-05,"","BAe 125","Atlantic Ocean, World",7,"6V-AIM"
2001-01-28,"Rafael Perez","Rockwell Aero Commander 500","Puerto Plata, Puerto Plata",7,"HI-535SP"
2011-02-04,"","Hawker 850XP","Sulaymānīyah, As-Sulaymāniyyah (السليمانية)",7,"OD-SKY"
2006-08-28,"Jason S. Christie","Cessna 401","Whick, Kentucky",7,"N408JC"
2011-07-11,"","Antonov AN-24","Strezhevoy, Tomsk oblast",7,"RA-47302"
2002-11-07,"","Britten-Norman Islander","Tarakan, West Kalimantan",7,"PK-VIZ"
2012-12-09,"Starwood Management","Learjet 25","Iturbide, Nuevo León",7,"N345MC"
2008-11-16,"","Grumman G-21A Goose","Thormanby Island, British Columbia",7,"C-FPCK"
2009-03-19,"","Beechcraft 200 Super King Air","Quito-Mariscal Sucre (Tababela), Pichincha",7,"AEE-101"
1995-04-21,"","Casa 212 Aviocar","Apolo, La Paz",7,"EB-50"
1999-05-08,"","De Havilland DHC-6 Twin Otter","Port Vila, All Vanuatu",7,"YJ-RV9"
2020-07-15,"","Beechcraft 350 Super King Air","Mt Artos, Eastern Anatolia Region (Doğu Anadolu Bölgesi)",7,"EM-809"
